attendance,internal_marks,assignment_submission,previous_performance,recent_performance,risk_score,risk_level
76.7,77.4,64.1,82.6,48.8,44.0,MEDIUM
43.9,53.4,57.6,61.8,76.8,68.5,MEDIUM
80.9,77.5,87.2,59.4,72.7,7.0,LOW
71.6,86.6,74.1,65.2,64.9,7.4,LOW
76.5,61.2,44.0,82.2,73.0,40.0,LOW
70.0,83.7,78.5,70.3,59.6,20.2,LOW
100.0,100.0,99.4,61.6,87.1,5.0,LOW
30.0,48.6,50.5,73.8,82.2,98.0,HIGH
75.0,47.0,76.2,54.8,51.0,21.9,LOW
84.1,69.8,65.9,76.2,81.5,5.0,LOW
80.9,91.0,90.6,72.9,77.1,5.0,LOW
38.6,54.0,64.0,64.3,44.8,92.7,HIGH
36.5,41.2,30.0,57.9,45.8,98.0,HIGH
89.6,73.7,83.5,57.4,60.6,5.0,LOW
76.7,83.4,74.0,74.4,69.6,5.0,LOW
76.2,79.7,76.6,82.7,76.6,13.1,LOW
79.2,71.8,78.9,60.4,59.9,5.0,LOW
59.0,60.1,57.8,73.5,65.7,44.7,MEDIUM
66.8,63.7,60.5,43.0,46.7,12.8,LOW
95.7,71.8,82.3,61.0,50.6,13.0,LOW
98.4,100.0,83.5,67.6,67.2,5.0,LOW
79.5,70.9,64.3,57.1,45.4,20.1,LOW
87.8,93.5,94.3,56.8,74.6,5.0,LOW
85.1,95.8,75.9,60.0,46.7,7.9,LOW
100.0,97.0,100.0,71.5,87.7,5.0,LOW
93.2,76.4,87.5,65.8,79.8,5.0,LOW
80.7,80.2,62.1,41.1,46.8,8.7,LOW
72.4,70.9,65.6,42.6,30.0,20.1,LOW
65.9,57.1,76.2,60.7,53.0,40.7,MEDIUM
84.0,80.9,71.2,73.5,72.1,5.0,LOW
74.4,58.1,63.4,35.0,30.0,26.8,LOW
67.8,83.1,80.0,62.0,60.2,11.7,LOW
75.5,67.2,79.9,61.7,75.6,5.0,LOW
54.9,64.8,60.4,84.7,82.4,39.5,LOW
48.9,62.8,53.7,63.4,51.0,73.7,HIGH
49.6,56.7,71.8,72.6,48.9,75.9,HIGH
81.9,83.0,98.4,69.7,67.4,5.0,LOW
96.8,77.7,94.6,42.4,47.9,6.8,LOW
82.8,86.8,83.7,77.2,82.1,5.0,LOW
73.4,55.5,58.5,70.6,57.7,40.0,MEDIUM
97.2,85.1,79.6,74.1,79.5,5.9,LOW
87.4,100.0,95.2,95.0,95.0,5.0,LOW
71.6,58.8,71.4,43.0,52.9,15.1,LOW
30.0,41.9,57.8,88.7,71.2,98.0,HIGH
73.2,77.8,81.9,64.6,63.7,5.0,LOW
68.2,71.2,55.7,71.4,64.8,29.2,LOW
91.3,84.8,96.0,67.5,81.5,5.0,LOW
100.0,90.9,81.4,62.9,62.0,5.0,LOW
68.0,76.6,69.0,61.2,63.3,17.3,LOW
87.6,92.1,89.4,72.0,75.5,5.0,LOW
65.3,72.6,90.1,49.8,48.6,15.2,LOW
77.1,70.7,100.0,77.0,58.4,25.8,LOW
59.4,72.7,73.9,63.0,66.2,21.1,LOW
39.4,77.5,59.9,54.4,57.7,65.1,MEDIUM
82.5,74.7,83.2,62.6,68.2,5.0,LOW
75.0,60.8,78.2,83.1,68.1,26.0,LOW
84.7,90.6,81.9,61.6,79.5,5.5,LOW
81.5,74.3,95.3,72.3,61.1,11.0,LOW
79.6,48.7,68.6,59.2,70.2,28.0,LOW
72.9,81.6,81.8,77.1,58.0,20.9,LOW
76.2,66.7,78.8,76.2,74.7,9.8,LOW
89.6,78.7,86.5,90.2,88.5,5.0,LOW
80.8,79.4,87.5,65.9,59.0,7.9,LOW
72.2,73.4,67.1,76.0,76.5,5.0,LOW
83.0,85.0,76.6,69.2,83.7,5.0,LOW
89.5,74.5,69.6,83.6,55.7,32.1,LOW
65.3,73.8,75.0,59.4,65.7,11.0,LOW
66.2,65.0,75.3,76.9,45.4,53.5,MEDIUM
75.4,81.6,82.3,65.7,57.8,15.0,LOW
38.3,61.5,71.7,67.2,78.8,58.0,MEDIUM
74.4,61.0,69.1,69.1,57.8,22.8,LOW
64.0,80.0,79.3,71.0,59.0,26.6,LOW
65.7,61.4,54.9,66.6,60.1,32.9,LOW
42.9,66.2,54.8,70.6,86.9,65.7,MEDIUM
84.6,81.7,88.5,86.9,64.1,26.7,LOW
73.0,93.5,90.1,79.8,70.4,23.3,LOW
88.4,76.5,78.0,78.4,89.8,5.0,LOW
65.4,63.5,65.8,62.5,78.4,18.7,LOW
81.3,75.4,62.5,57.3,58.7,10.5,LOW
69.9,66.3,65.9,79.5,60.1,41.9,MEDIUM
49.1,69.1,71.2,78.5,93.7,36.8,LOW
82.5,56.8,76.5,85.7,90.0,7.9,LOW
73.4,59.1,73.0,60.8,64.0,9.2,LOW
78.2,61.3,71.3,65.2,52.9,22.4,LOW
92.1,92.4,88.9,48.3,58.1,5.0,LOW
76.2,93.6,76.3,63.3,67.8,5.0,LOW
90.4,78.9,89.7,80.0,80.0,5.0,LOW
70.7,68.3,74.8,62.4,75.7,14.1,LOW
50.2,60.9,64.4,75.7,77.1,46.5,MEDIUM
96.4,97.2,87.2,65.7,61.4,7.2,LOW
57.3,52.5,37.4,71.9,76.8,56.7,MEDIUM
74.0,74.9,85.5,54.2,60.6,5.0,LOW
87.8,90.6,81.6,69.0,79.4,5.0,LOW
80.0,81.0,70.8,35.0,60.5,5.0,LOW
85.7,80.1,88.3,65.8,56.0,10.5,LOW
76.0,85.0,75.5,48.4,56.0,5.0,LOW
82.9,44.0,76.3,82.5,62.6,51.1,MEDIUM
80.4,83.4,86.7,77.3,60.5,27.7,LOW
93.7,74.0,88.9,73.6,74.2,5.0,LOW
84.5,55.3,57.3,86.3,95.0,17.2,LOW
85.4,83.8,94.8,56.6,43.4,22.2,LOW
77.9,90.4,84.9,89.0,86.1,5.0,LOW
77.1,71.9,70.9,79.2,80.4,5.0,LOW
77.7,85.3,81.6,65.2,69.4,5.0,LOW
63.8,86.2,57.2,81.6,78.9,25.8,LOW
77.8,89.7,86.1,54.7,49.2,7.7,LOW
84.9,97.1,77.5,58.1,69.1,5.0,LOW
100.0,93.9,79.0,60.7,60.1,5.0,LOW
90.7,81.3,68.6,61.7,42.6,24.8,LOW
78.7,55.1,79.7,55.3,64.2,5.0,LOW
94.0,79.1,77.9,82.7,88.2,5.0,LOW
77.9,63.8,87.0,64.9,62.1,8.9,LOW
68.6,95.4,75.2,72.2,78.5,7.8,LOW
58.8,62.3,46.3,61.2,69.2,42.5,MEDIUM
63.3,68.1,56.4,46.2,52.0,31.4,LOW
62.2,72.7,81.3,71.2,77.7,15.0,LOW
61.1,66.1,64.3,45.1,45.4,16.7,LOW
98.8,100.0,89.0,67.2,87.1,5.0,LOW
53.3,54.2,59.6,51.6,52.6,49.5,MEDIUM
79.8,77.2,82.8,91.8,86.4,5.0,LOW
43.0,47.6,62.4,78.9,53.8,98.0,HIGH
48.6,43.5,66.3,69.3,61.4,79.2,HIGH
84.4,69.8,73.1,83.2,67.8,20.2,LOW
89.7,79.4,69.4,57.8,54.9,5.8,LOW
67.2,63.5,63.1,74.5,60.0,45.8,MEDIUM
93.4,73.4,84.3,70.4,57.6,15.2,LOW
54.2,45.2,45.1,71.2,81.6,73.0,HIGH
68.7,68.4,60.3,83.3,89.1,13.6,LOW
88.3,61.1,78.2,76.8,88.3,5.0,LOW
100.0,94.1,92.2,71.5,63.0,8.3,LOW
83.8,77.9,80.0,48.1,54.8,5.0,LOW
84.5,59.8,65.1,56.5,41.5,31.3,LOW
77.4,70.0,71.7,66.5,57.6,23.0,LOW
73.5,62.7,60.2,69.1,55.0,27.1,LOW
58.6,68.1,74.6,54.4,67.9,21.6,LOW
73.4,87.8,89.9,95.0,85.9,14.0,LOW
82.7,53.9,51.2,86.2,84.2,31.5,LOW
77.2,75.0,66.6,75.2,78.2,5.0,LOW
86.8,76.5,65.3,68.9,91.2,9.5,LOW
55.8,71.0,59.2,65.5,49.3,45.0,MEDIUM
32.9,54.0,48.9,56.6,65.4,77.6,HIGH
76.9,64.4,57.0,68.9,76.0,7.6,LOW
79.3,70.8,65.8,71.1,58.3,25.2,LOW
72.2,61.6,58.5,53.1,62.7,8.9,LOW
77.6,86.7,82.8,72.0,76.8,5.0,LOW
85.8,78.1,81.3,66.1,64.5,5.0,LOW
89.6,100.0,83.6,45.1,50.3,5.0,LOW
72.8,70.7,74.1,57.7,51.4,6.3,LOW
90.7,71.8,74.6,63.0,83.2,5.0,LOW
95.6,64.6,76.4,90.7,79.8,10.1,LOW
52.6,39.7,68.6,74.7,69.0,71.7,HIGH
100.0,66.0,94.8,52.0,45.3,5.8,LOW
74.3,75.3,61.8,73.8,63.5,23.0,LOW
69.6,75.9,81.5,49.4,65.2,5.0,LOW
35.2,33.6,50.6,81.0,50.3,98.0,HIGH
97.0,94.2,80.0,62.3,64.8,5.0,LOW
88.5,73.5,88.0,66.9,66.2,5.0,LOW
81.4,77.5,94.0,83.9,80.1,5.0,LOW
84.8,96.7,76.4,52.6,61.0,5.0,LOW
70.7,81.1,66.6,51.2,61.2,5.0,LOW
100.0,81.8,97.9,61.0,71.2,5.0,LOW
83.3,66.0,77.4,80.5,80.5,5.0,LOW
83.1,50.7,74.0,49.8,37.2,42.6,MEDIUM
89.3,71.0,82.5,35.0,40.0,5.0,LOW
86.8,75.9,84.0,62.6,75.5,5.0,LOW
77.7,62.0,57.6,74.6,76.8,5.0,LOW
74.1,70.5,83.3,82.4,62.1,16.6,LOW
86.7,79.3,93.1,62.4,68.0,5.0,LOW
100.0,82.3,85.6,63.1,46.1,22.4,LOW
95.5,74.9,82.7,81.8,77.2,11.7,LOW
97.9,86.0,73.3,45.6,73.7,5.0,LOW
76.9,78.7,82.4,63.3,55.5,12.9,LOW
72.1,58.0,72.7,70.3,55.2,41.4,MEDIUM
80.7,92.3,83.6,73.4,83.7,5.0,LOW
82.6,75.1,89.3,61.9,47.4,20.4,LOW
92.9,81.7,81.5,68.4,63.1,7.1,LOW
65.1,76.0,77.1,38.1,52.5,6.8,LOW
97.3,86.4,78.3,60.1,58.7,8.4,LOW
50.9,71.9,63.9,73.4,67.6,43.8,MEDIUM
77.7,77.3,75.3,56.2,67.0,5.0,LOW
71.9,63.6,71.4,68.7,68.4,5.0,LOW
65.5,72.1,66.3,73.4,72.6,11.7,LOW
72.1,57.3,65.5,63.9,55.5,34.5,LOW
45.4,59.0,65.0,70.0,67.4,55.3,MEDIUM
69.1,69.2,65.9,56.4,56.0,19.0,LOW
69.0,67.0,53.4,65.5,67.6,20.2,LOW
47.5,57.2,74.3,75.3,61.9,57.9,MEDIUM
98.7,61.8,93.0,69.9,62.6,17.8,LOW
79.4,68.1,61.1,61.0,50.2,17.8,LOW
67.0,69.6,76.5,70.7,67.0,19.8,LOW
79.5,76.7,72.5,76.6,65.5,14.7,LOW
37.3,41.3,49.1,43.4,30.0,98.0,HIGH
52.4,76.4,69.5,81.9,79.8,36.4,LOW
81.5,65.3,71.4,64.0,63.5,11.2,LOW
79.7,86.5,73.6,73.1,81.9,5.0,LOW
89.0,84.6,77.5,82.4,75.7,8.5,LOW
100.0,77.2,76.7,51.5,60.3,5.2,LOW
62.0,87.3,66.4,59.5,70.3,22.3,LOW
30.0,35.7,40.6,64.5,57.3,98.0,HIGH
70.9,81.5,68.8,58.6,54.2,7.3,LOW
100.0,97.0,100.0,88.8,89.8,5.0,LOW
82.6,68.2,90.2,57.7,61.5,5.0,LOW
82.1,92.8,79.2,61.3,67.8,5.0,LOW
57.0,60.5,64.4,70.5,43.6,77.6,HIGH
84.0,80.5,85.8,53.6,60.2,5.0,LOW
80.6,78.4,83.3,63.3,86.9,5.0,LOW
76.3,71.5,74.9,71.8,65.1,13.6,LOW
76.5,83.0,86.2,64.0,59.4,5.0,LOW
81.7,85.4,86.6,66.9,73.2,5.0,LOW
76.6,52.3,54.2,61.6,59.0,28.8,LOW
74.9,88.1,88.9,49.8,70.2,5.0,LOW
83.1,56.6,79.7,71.9,51.7,39.1,LOW
79.5,87.1,74.0,89.1,92.8,5.0,LOW
97.0,97.0,93.0,68.2,79.8,5.0,LOW
55.5,49.7,63.9,70.7,60.0,59.7,MEDIUM
92.9,76.5,80.7,76.3,76.8,5.0,LOW
94.5,69.0,91.1,52.8,64.9,5.0,LOW
61.3,63.1,88.4,88.4,86.5,22.1,LOW
78.6,70.6,66.8,70.4,56.0,14.8,LOW
48.2,68.5,47.9,87.6,87.0,50.1,MEDIUM
67.9,84.7,79.1,59.2,63.2,5.0,LOW
74.2,88.9,87.4,89.8,87.3,5.0,LOW
70.9,63.7,66.5,77.3,71.0,15.5,LOW
99.5,82.3,100.0,74.6,72.4,5.0,LOW
91.4,60.5,62.3,70.8,76.6,10.6,LOW
94.7,72.7,88.9,65.0,63.5,5.0,LOW
53.6,73.4,59.7,82.4,65.5,70.6,HIGH
70.7,89.7,96.4,69.7,68.8,5.0,LOW
60.5,50.4,79.3,44.4,45.0,43.9,MEDIUM
86.9,71.3,70.6,54.6,68.9,5.0,LOW
69.8,69.6,65.2,65.8,69.9,7.2,LOW
89.1,82.9,92.4,71.7,63.6,11.7,LOW
79.6,65.1,69.0,67.3,88.5,5.0,LOW
78.3,79.2,77.5,82.6,81.3,5.0,LOW
89.1,73.9,80.4,44.6,63.1,7.2,LOW
86.4,78.0,61.6,69.7,67.7,11.6,LOW
78.4,80.8,78.5,46.2,58.9,5.0,LOW
93.6,81.9,78.3,77.1,83.9,5.0,LOW
71.2,65.4,64.7,66.9,75.6,5.0,LOW
88.2,77.8,95.8,73.0,82.0,5.0,LOW
53.0,60.4,47.8,57.6,64.2,59.0,MEDIUM
50.8,56.0,65.8,83.4,69.0,60.3,MEDIUM
63.0,63.4,62.8,80.5,66.7,37.6,LOW
69.5,88.9,75.6,75.0,79.5,8.5,LOW
91.2,87.4,94.3,66.4,79.0,5.0,LOW
55.9,59.4,64.5,75.0,65.1,47.5,MEDIUM
76.8,81.7,84.1,59.5,73.8,5.0,LOW
63.9,62.9,75.4,78.3,85.2,11.9,LOW
49.9,74.0,61.3,87.8,71.5,59.3,MEDIUM
42.9,60.9,50.4,80.8,63.5,91.5,HIGH
66.4,66.9,57.5,59.2,57.1,17.8,LOW
88.1,84.4,75.7,72.3,76.0,5.0,LOW
52.3,42.3,82.4,52.5,41.2,71.7,HIGH
99.5,71.3,95.8,74.9,84.3,5.0,LOW
61.2,51.3,46.5,73.4,68.0,59.5,MEDIUM
99.0,86.2,75.8,45.6,55.1,5.0,LOW
51.7,81.6,73.2,54.1,45.0,45.8,MEDIUM
81.0,100.0,92.9,64.6,59.1,5.0,LOW
76.6,80.9,83.5,64.4,69.2,5.0,LOW
86.0,84.0,80.4,53.5,38.3,21.9,LOW
81.6,54.2,68.1,72.7,74.3,12.4,LOW
36.3,46.6,51.4,71.0,59.1,98.0,HIGH
83.1,67.1,76.0,65.7,95.0,5.0,LOW
83.5,69.3,53.9,58.9,82.1,17.0,LOW
44.7,55.3,52.7,80.6,68.2,84.8,HIGH
81.4,70.1,67.1,87.9,78.5,12.9,LOW
85.1,53.8,72.3,62.2,66.6,13.4,LOW
64.9,76.4,100.0,60.7,79.4,14.0,LOW
68.5,56.4,68.6,73.9,49.3,59.0,MEDIUM
89.4,82.6,80.7,63.7,48.5,14.9,LOW
52.8,86.3,79.8,66.3,63.1,32.6,LOW
30.0,39.0,47.4,76.9,68.3,98.0,HIGH
40.7,30.0,47.5,45.1,42.5,98.0,HIGH
50.3,56.7,63.9,83.8,83.4,54.9,MEDIUM
76.6,86.5,100.0,68.9,59.2,21.0,LOW
74.2,95.6,71.6,63.1,46.7,20.8,LOW
84.0,62.2,78.2,66.9,71.1,6.6,LOW
72.2,77.1,65.5,67.5,59.1,12.9,LOW
86.1,72.5,84.0,47.2,31.6,24.2,LOW
65.0,66.2,58.3,85.9,78.5,33.7,LOW
53.8,93.6,69.8,68.5,81.0,33.0,LOW
86.7,60.3,70.9,73.3,65.2,13.2,LOW
84.6,80.3,90.7,79.4,72.1,5.0,LOW
91.8,86.5,95.5,55.7,60.4,5.0,LOW
98.7,97.4,80.9,73.7,74.1,5.0,LOW
92.1,82.2,85.3,64.8,53.5,13.3,LOW
63.6,70.5,61.5,78.2,65.7,43.5,MEDIUM
69.2,64.9,56.1,42.5,51.4,19.4,LOW
75.8,76.1,73.6,66.8,69.8,9.4,LOW
82.3,72.0,73.6,60.8,62.8,5.0,LOW
87.2,86.0,100.0,73.2,64.1,8.9,LOW
74.7,67.9,76.4,73.6,67.1,9.1,LOW
30.0,54.5,35.0,59.5,33.2,98.0,HIGH
74.4,71.9,67.9,59.5,62.0,5.0,LOW
75.9,86.5,90.1,66.7,83.9,5.0,LOW
67.9,68.3,90.4,57.2,42.8,26.5,LOW
72.8,50.1,48.3,78.1,60.8,49.7,MEDIUM
68.5,84.4,57.3,63.6,70.1,18.7,LOW
72.2,60.3,86.7,35.0,52.1,8.5,LOW
92.5,73.4,85.3,63.5,59.0,5.0,LOW
72.5,64.1,61.0,55.5,48.2,22.8,LOW
100.0,100.0,100.0,48.4,41.2,13.0,LOW
86.9,52.8,44.6,53.2,51.1,36.7,LOW
83.8,100.0,88.6,69.3,95.0,5.0,LOW
73.4,84.4,81.4,83.9,83.8,5.2,LOW
54.2,64.8,71.8,71.8,66.4,40.5,MEDIUM
76.2,72.5,64.3,60.7,64.5,5.5,LOW
83.2,80.0,81.2,73.5,72.3,5.0,LOW
100.0,91.3,82.2,62.5,60.0,5.0,LOW
81.0,83.3,83.3,59.7,72.0,5.7,LOW
93.5,88.4,78.8,54.1,63.7,5.0,LOW
75.0,73.6,70.3,47.0,52.1,10.1,LOW
81.7,73.5,67.1,63.3,53.6,12.4,LOW
40.8,53.6,59.3,69.9,75.0,70.8,HIGH
46.7,56.0,64.7,66.8,67.2,52.2,MEDIUM
100.0,98.6,92.1,63.0,65.2,5.0,LOW
89.1,86.7,85.7,56.7,72.7,5.0,LOW
76.4,37.9,46.2,75.3,56.1,72.3,HIGH
88.3,87.0,82.1,52.2,51.8,5.0,LOW
91.7,83.2,84.5,77.3,68.5,12.3,LOW
88.2,78.9,100.0,56.0,42.1,23.0,LOW
66.3,63.5,55.8,59.0,62.0,27.7,LOW
74.7,85.9,93.9,50.4,39.7,5.0,LOW
79.5,86.1,91.2,62.0,53.9,20.4,LOW
44.7,48.1,54.9,79.7,46.5,98.0,HIGH
88.2,84.0,100.0,74.2,73.3,5.0,LOW
83.8,65.2,78.3,79.7,70.9,12.4,LOW
68.6,52.8,67.5,74.3,61.5,43.3,MEDIUM
85.8,70.4,76.9,54.8,46.0,8.3,LOW
88.1,89.4,98.2,64.0,56.9,10.3,LOW
87.6,90.2,97.1,58.6,69.8,5.0,LOW
92.8,87.6,80.9,84.0,76.5,7.9,LOW
90.3,88.9,73.5,53.6,64.4,5.0,LOW
86.6,84.5,81.4,78.7,68.6,6.5,LOW
81.3,68.0,66.7,78.7,74.3,8.9,LOW
65.4,72.9,69.7,90.0,94.9,16.9,LOW
57.5,73.4,79.7,63.1,69.0,27.6,LOW
84.1,86.1,78.5,76.5,72.3,9.6,LOW
84.7,91.6,85.1,95.0,93.6,5.0,LOW
69.2,78.1,74.5,60.6,60.4,5.9,LOW
71.2,74.8,81.9,49.6,54.2,9.5,LOW
92.5,94.1,67.2,45.4,53.8,5.0,LOW
81.6,75.5,71.8,76.6,71.6,5.0,LOW
88.8,68.8,80.2,45.4,51.5,5.0,LOW
82.3,74.2,89.6,63.5,53.8,18.0,LOW
82.3,67.2,69.9,73.2,58.3,24.4,LOW
91.4,72.6,61.8,70.2,54.0,29.6,LOW
76.8,71.7,80.6,73.1,53.7,30.8,LOW
83.0,67.0,68.6,70.7,54.4,18.3,LOW
77.4,70.0,62.1,83.3,77.9,14.5,LOW
77.7,51.1,60.3,56.6,43.0,41.0,MEDIUM
42.9,59.0,53.9,59.9,61.8,69.0,MEDIUM
84.2,77.1,73.5,58.7,61.6,5.0,LOW
77.2,63.8,49.3,78.0,51.0,50.0,MEDIUM
94.6,90.2,97.9,78.8,85.8,5.0,LOW
73.1,82.8,90.1,73.4,81.3,7.0,LOW
80.1,55.8,75.9,82.2,61.3,35.4,LOW
77.6,64.6,60.5,53.9,58.3,7.0,LOW
57.5,54.5,57.8,88.0,66.4,70.1,HIGH
84.0,65.7,74.8,86.3,78.1,5.0,LOW
92.3,91.1,94.4,76.8,65.5,16.0,LOW
67.1,66.2,75.0,89.4,61.5,51.0,MEDIUM
84.7,74.2,71.2,48.1,49.1,5.0,LOW
90.9,56.4,74.7,61.7,55.9,8.7,LOW
70.3,77.8,78.8,59.2,57.8,6.9,LOW
92.7,66.5,93.2,76.7,58.8,13.0,LOW
58.5,64.9,71.4,55.4,51.3,35.9,LOW
64.9,70.8,77.1,77.1,74.9,12.3,LOW
100.0,100.0,95.8,84.4,85.7,6.0,LOW
78.4,58.5,83.8,76.3,69.8,21.0,LOW
77.5,37.5,65.1,71.4,51.5,58.4,MEDIUM
96.5,85.5,79.2,56.1,73.7,5.0,LOW
97.8,100.0,100.0,57.8,55.7,5.0,LOW
76.8,88.3,88.0,83.0,86.4,5.0,LOW
77.8,76.4,72.3,77.4,85.9,5.0,LOW
79.2,68.7,69.4,67.5,69.7,5.0,LOW
55.7,72.5,69.3,63.0,60.8,22.6,LOW
72.8,59.7,72.6,43.7,40.2,5.0,LOW
62.3,71.9,70.7,55.1,67.5,19.3,LOW
74.3,78.2,79.1,90.9,69.9,26.1,LOW
81.7,88.5,100.0,52.6,50.7,5.0,LOW
84.3,100.0,99.5,70.3,72.2,5.0,LOW
97.5,88.5,91.3,80.1,92.0,5.6,LOW
71.3,64.5,78.7,52.9,57.2,5.0,LOW
91.8,80.6,73.7,70.2,60.7,11.0,LOW
60.8,44.2,61.0,79.3,62.6,76.2,HIGH
81.5,67.4,92.7,68.1,58.8,5.8,LOW
88.7,74.5,78.1,95.0,78.7,22.5,LOW
70.8,64.1,60.5,48.0,59.6,16.7,LOW
36.4,55.0,45.1,80.7,56.3,98.0,HIGH
56.8,53.5,48.2,65.9,75.3,46.4,MEDIUM
86.9,91.9,78.7,77.3,86.9,5.0,LOW
84.9,77.4,76.2,73.3,82.5,5.0,LOW
100.0,84.9,74.9,59.2,59.3,5.0,LOW
75.6,68.9,73.0,70.7,65.7,9.0,LOW
52.3,63.0,70.1,45.7,33.6,58.4,MEDIUM
55.7,72.8,57.3,75.2,66.2,46.4,MEDIUM
76.4,62.8,85.9,71.6,70.9,5.0,LOW
75.6,64.9,76.3,75.7,82.4,5.6,LOW
93.9,78.3,94.2,80.7,65.9,20.9,LOW
96.2,67.0,73.7,72.4,64.1,17.0,LOW
30.9,40.6,52.1,69.8,56.5,98.0,HIGH
73.7,66.1,60.0,57.4,43.1,22.5,LOW
56.6,73.8,76.0,59.5,66.7,20.1,LOW
76.5,76.4,77.9,82.2,70.2,8.4,LOW
60.1,67.4,71.5,85.2,74.9,38.3,LOW
84.0,87.2,71.7,65.1,64.2,6.9,LOW
66.8,66.8,59.5,68.6,57.1,43.3,MEDIUM
49.5,64.4,66.5,57.1,56.3,45.1,MEDIUM
100.0,83.7,79.0,82.1,77.4,11.7,LOW
75.9,76.1,80.4,76.0,69.3,6.0,LOW
59.1,57.5,48.0,91.3,70.9,69.2,MEDIUM
72.0,41.8,69.0,57.5,52.9,42.9,MEDIUM
85.3,76.1,67.2,63.5,80.8,5.0,LOW
88.6,96.4,94.5,70.8,76.9,5.0,LOW
100.0,96.1,99.7,75.8,88.8,5.0,LOW
80.2,86.7,74.8,65.4,54.9,15.4,LOW
74.0,86.8,85.2,57.5,64.9,7.6,LOW
68.2,70.2,73.0,78.6,62.1,37.8,LOW
74.7,74.7,69.4,76.7,58.3,27.7,LOW
81.7,68.4,65.0,57.0,50.0,16.9,LOW
99.9,81.2,67.8,84.3,92.3,5.0,LOW
76.8,80.8,81.5,82.0,88.2,5.0,LOW
84.2,91.6,69.7,69.6,75.6,5.0,LOW
81.8,74.2,78.4,69.0,52.2,15.4,LOW
93.9,76.5,80.5,74.6,70.3,10.9,LOW
100.0,85.0,95.8,57.7,65.9,5.0,LOW
47.5,66.0,57.4,68.4,66.4,52.6,MEDIUM
77.1,56.2,65.0,42.2,30.0,26.1,LOW
92.4,53.7,80.8,78.5,59.2,41.8,MEDIUM
88.8,72.8,83.0,49.3,52.7,5.0,LOW
100.0,70.4,86.3,86.0,83.7,5.0,LOW
87.8,72.8,84.0,64.0,41.7,31.5,LOW
78.4,72.4,60.0,65.5,62.9,7.8,LOW
87.9,73.5,87.1,60.5,62.8,5.0,LOW
93.1,99.0,97.9,64.5,80.4,5.0,LOW
90.2,84.0,74.5,85.0,88.7,5.0,LOW
82.7,80.0,77.6,38.1,53.5,5.0,LOW
92.7,88.8,87.2,83.3,74.0,9.5,LOW
93.7,68.2,78.4,72.1,48.8,28.5,LOW
95.8,95.4,94.8,53.5,59.1,5.0,LOW
76.1,72.1,88.6,55.1,67.2,8.1,LOW
80.3,83.2,91.2,88.1,95.0,5.0,LOW
83.5,63.9,60.8,56.7,62.9,13.1,LOW
64.3,48.5,66.3,54.2,53.8,28.0,LOW
59.1,74.4,81.7,81.6,80.3,19.0,LOW
61.3,70.2,71.5,72.1,62.9,27.1,LOW
78.1,63.2,82.4,56.7,54.4,5.0,LOW
82.3,65.7,94.3,70.6,82.8,5.0,LOW
94.8,95.9,100.0,55.7,55.3,5.0,LOW
83.9,62.7,76.1,81.2,88.8,5.0,LOW
82.5,95.9,96.8,80.7,79.1,5.0,LOW
68.4,58.4,67.2,74.4,79.8,22.8,LOW
63.5,74.4,70.4,72.3,55.9,39.6,LOW
88.5,75.3,77.0,89.1,87.8,5.0,LOW
100.0,92.2,100.0,68.0,64.9,5.0,LOW
78.9,67.9,65.6,53.8,40.9,14.6,LOW
84.2,75.1,94.1,73.4,73.1,5.5,LOW
84.5,77.7,84.9,93.0,95.0,5.0,LOW
97.8,71.9,68.9,55.8,49.2,5.1,LOW
81.0,84.4,84.9,63.7,51.9,14.7,LOW
84.8,71.2,56.4,73.0,68.6,11.3,LOW
88.1,76.3,87.0,67.4,66.2,5.0,LOW
83.9,65.0,83.4,56.2,61.3,5.0,LOW
39.7,30.0,37.0,81.5,72.5,98.0,HIGH
83.9,74.7,79.7,95.0,85.3,8.5,LOW
92.7,100.0,100.0,70.4,94.8,5.0,LOW
59.0,73.9,63.1,57.2,61.4,33.2,LOW
83.3,76.4,68.3,49.4,51.1,5.0,LOW
40.5,52.1,66.8,71.1,46.3,98.0,HIGH
94.0,82.2,100.0,81.2,75.9,12.7,LOW
65.1,74.1,70.7,73.7,67.5,28.0,LOW
76.4,59.0,79.3,68.0,71.9,5.0,LOW
70.5,83.6,90.1,60.9,69.4,10.1,LOW
97.7,92.4,83.6,54.9,51.4,5.0,LOW
38.6,62.9,50.7,78.0,72.2,73.9,HIGH
76.4,78.5,89.3,79.0,82.5,5.0,LOW
100.0,85.2,100.0,49.5,72.5,5.0,LOW
55.9,71.0,71.4,87.1,88.1,29.9,LOW
60.0,72.1,59.0,74.9,78.7,25.3,LOW
86.4,74.0,99.0,84.8,79.1,11.0,LOW
77.0,66.6,67.1,51.9,57.2,5.0,LOW
71.8,72.1,69.2,51.6,67.3,6.2,LOW
89.1,98.1,93.3,66.2,59.5,7.5,LOW
84.4,62.3,89.3,74.0,64.0,15.3,LOW
30.0,32.4,48.5,89.6,61.7,98.0,HIGH
69.2,71.6,75.5,76.5,75.8,5.0,LOW
90.7,81.0,88.3,65.1,79.2,9.3,LOW
71.9,73.0,73.4,55.7,51.9,5.0,LOW
46.5,61.2,63.7,82.8,49.4,91.3,HIGH
100.0,82.3,62.6,56.4,57.1,7.1,LOW
71.3,88.5,76.0,87.5,94.0,8.1,LOW
66.7,49.2,63.8,64.6,62.3,37.9,LOW
75.1,62.6,58.6,87.1,81.0,18.8,LOW
81.5,74.5,81.3,76.1,69.9,10.3,LOW
84.4,57.5,69.7,66.4,47.9,32.4,LOW
79.6,72.7,93.5,61.8,67.2,6.7,LOW
85.5,97.7,100.0,63.9,62.7,5.6,LOW
41.5,56.0,49.3,73.1,86.8,78.2,HIGH
42.1,58.8,53.8,68.9,68.6,62.3,MEDIUM
81.2,60.5,70.9,60.9,51.9,16.8,LOW
93.2,74.2,77.4,66.0,59.4,7.3,LOW
85.4,73.2,80.4,68.9,66.3,5.0,LOW
42.4,52.4,45.3,42.5,40.0,84.9,HIGH
87.7,94.2,76.5,73.5,87.9,5.0,LOW
86.5,84.9,89.8,56.2,63.7,5.0,LOW
51.7,47.5,61.0,54.2,41.9,72.0,HIGH
43.0,59.5,48.0,47.8,67.2,76.8,HIGH
30.0,56.0,58.3,46.5,46.8,79.7,HIGH
89.1,93.2,81.6,51.7,68.9,5.0,LOW
81.1,94.5,87.8,59.5,60.9,5.0,LOW
96.4,71.0,90.2,91.4,85.9,5.0,LOW
52.8,51.7,56.5,61.7,58.8,65.6,MEDIUM
58.2,49.0,62.4,70.1,41.9,80.2,HIGH
81.6,73.0,71.7,72.8,90.0,7.0,LOW
67.7,74.4,69.9,69.6,80.9,10.7,LOW
83.3,88.5,81.6,67.1,66.5,5.0,LOW
36.9,52.6,43.3,53.7,39.3,98.0,HIGH
55.5,58.9,59.0,85.4,77.9,57.0,MEDIUM
75.5,74.6,59.5,89.7,83.0,13.5,LOW
77.5,63.7,66.6,47.8,53.1,5.0,LOW
63.1,91.6,74.0,55.7,65.4,16.1,LOW
32.6,32.0,38.3,64.6,56.9,98.0,HIGH
66.0,70.2,67.1,56.4,72.0,23.9,LOW
43.2,80.9,64.0,74.1,78.8,47.4,MEDIUM
89.6,79.9,87.6,59.3,52.0,13.6,LOW
89.9,77.6,90.7,94.0,95.0,5.0,LOW
86.3,73.8,72.5,82.3,93.2,5.0,LOW
72.3,69.0,59.5,70.6,95.0,11.4,LOW
52.7,77.8,56.8,80.3,65.3,65.1,MEDIUM
57.1,37.0,47.8,81.3,67.4,92.6,HIGH
60.3,83.6,69.0,61.2,44.1,50.2,MEDIUM
54.1,45.0,46.9,58.2,56.8,77.5,HIGH
90.8,77.2,69.2,68.9,62.9,12.9,LOW
79.8,69.7,70.3,78.3,92.0,5.0,LOW
53.0,68.6,65.5,69.7,58.6,44.3,MEDIUM
39.1,35.4,50.8,49.1,30.0,98.0,HIGH
61.6,71.3,62.6,58.4,54.5,30.6,LOW
79.5,99.1,82.3,67.1,53.9,20.0,LOW
75.2,56.2,58.3,67.1,68.3,8.5,LOW
30.0,52.3,47.6,91.7,56.2,98.0,HIGH
79.2,66.7,64.9,51.4,53.2,5.0,LOW
100.0,90.1,96.8,74.1,55.1,23.7,LOW
88.4,79.4,64.3,85.9,77.7,21.1,LOW
76.3,65.4,68.1,95.0,95.0,5.0,LOW
87.7,84.7,87.0,63.1,70.2,6.3,LOW
96.0,100.0,95.2,73.9,70.1,5.0,LOW
91.2,78.3,100.0,74.8,72.6,7.5,LOW
82.6,84.9,85.5,70.3,71.9,7.8,LOW
75.5,57.2,58.1,66.8,65.7,25.7,LOW
89.0,68.0,76.8,73.2,55.0,18.8,LOW
40.6,60.9,37.8,37.6,47.5,76.4,HIGH
91.0,98.3,89.9,76.2,52.8,29.2,LOW
88.4,83.4,75.4,69.5,64.4,9.1,LOW
55.9,59.2,70.2,65.3,55.6,50.7,MEDIUM
76.6,73.3,69.5,92.6,90.1,5.0,LOW
95.2,67.6,78.9,59.9,59.4,5.0,LOW
84.0,84.2,75.9,63.2,52.4,5.0,LOW
100.0,95.6,100.0,91.9,80.2,22.4,LOW
75.1,67.1,68.7,58.0,59.7,5.0,LOW
99.4,79.0,100.0,61.4,62.9,5.0,LOW
84.0,80.2,88.8,66.2,61.6,5.0,LOW
75.5,67.5,77.0,78.1,67.1,20.0,LOW
77.2,72.8,78.7,70.5,75.1,5.0,LOW
78.8,99.6,90.3,52.5,58.4,5.0,LOW
86.2,75.2,60.3,61.6,61.8,6.5,LOW
87.2,74.3,76.8,60.7,83.5,5.0,LOW
76.3,65.4,80.1,67.1,49.3,31.7,LOW
63.0,75.4,69.9,73.1,52.3,40.5,MEDIUM
100.0,82.8,74.1,73.0,80.8,5.0,LOW
99.3,76.8,84.9,46.7,45.9,5.0,LOW
86.4,94.0,100.0,80.8,78.6,9.0,LOW
82.4,93.2,97.7,71.0,66.9,5.0,LOW
83.2,69.4,75.4,84.6,74.5,9.9,LOW
52.8,39.0,61.2,73.3,76.0,74.7,HIGH
62.2,78.2,67.5,81.2,85.3,22.2,LOW
79.4,66.5,56.3,73.6,77.1,5.0,LOW
41.8,65.4,48.7,84.2,61.4,90.6,HIGH
86.0,54.4,86.8,74.3,53.8,41.7,MEDIUM
88.5,89.9,83.6,66.8,42.4,36.3,LOW
77.2,59.1,67.1,95.0,73.1,34.9,LOW
47.2,67.3,57.8,78.7,81.8,34.9,LOW
69.7,70.0,90.0,74.9,75.6,10.1,LOW
67.4,57.2,81.1,52.7,48.8,19.6,LOW
84.2,72.2,99.8,52.5,55.2,5.0,LOW
92.5,89.5,86.2,71.5,67.0,5.0,LOW
98.8,85.7,91.8,69.7,73.6,5.0,LOW
77.4,80.7,63.1,60.6,71.3,5.6,LOW
92.8,100.0,100.0,69.7,59.6,12.2,LOW
81.6,57.0,58.8,87.1,78.1,36.2,LOW
80.3,94.5,87.1,76.3,88.1,5.0,LOW
90.8,81.7,73.0,54.3,55.4,7.8,LOW
88.5,68.5,71.9,66.7,71.2,5.0,LOW
66.2,52.2,54.0,58.3,81.6,39.4,LOW
66.2,65.9,61.8,63.3,60.1,15.1,LOW
95.8,94.0,85.5,63.0,73.2,5.0,LOW
75.7,71.3,68.4,62.3,54.6,10.1,LOW
86.0,96.1,96.2,52.9,64.7,5.0,LOW
86.9,61.1,63.1,66.5,66.4,9.9,LOW
84.6,77.2,81.9,61.3,65.0,5.0,LOW
